{"client_meta":{"background_color":{"r":0.9607843160629272,"g":0.9607843160629272,"b":0.9607843160629272,"a":1},"thumbnail_size":{"width":330,"height":400},"render_coordinates":{"x":-6259,"y":-7580,"width":12517,"height":15160}},"file_name":"Макеты для Жени","developer_related_links":[],"exported_at":"2026-05-26T13:30:08.847Z"}